TamanoMatriz;Procesos;Tiempo
1;2;0.029862
51;2;0.032341
101;2;0.031838
151;2;0.032187
201;2;0.031962
251;2;0.032514
301;2;0.035093
351;2;0.035475
401;2;0.036152
451;2;0.036547
501;2;0.037055
551;2;0.037419
601;2;0.037968
651;2;0.038707
701;2;0.039686
751;2;0.039743
801;2;0.041145
851;2;0.042027
901;2;0.042465
951;2;0.043706
1001;2;0.154678
1051;2;0.046129
1101;2;0.047020
1151;2;0.048060
1201;2;0.050213
1251;2;0.146864
1;4;0.022497
1;6;0.024889
51;4;0.028612
51;6;0.029276
101;4;0.025641
151;4;0.026219
101;6;0.035056
201;4;0.028393
251;4;0.024871
151;6;0.037079
301;4;0.031020
351;4;0.053114
201;6;0.035244
401;4;0.053209
251;6;0.035231
451;4;0.053769
301;6;0.031802
501;4;0.054015
351;6;0.031522
551;4;0.054509
401;6;0.032164
601;4;0.054916
451;6;0.054013
651;4;0.055826
501;6;0.058652
701;4;0.056679
551;6;0.056485
751;4;0.056618
601;6;0.058849
801;4;0.057152
651;6;0.057426
851;4;0.057590
701;6;0.060027
901;4;0.058422
751;6;0.057676
801;6;0.061400
951;4;0.059487
851;6;0.062447
1001;4;0.060022
901;6;0.062478
1051;4;0.060398
951;6;0.059921
1101;4;0.061400
1001;6;0.059868
1151;4;0.063416
1051;6;0.061352
1201;4;0.062688
1101;6;0.066237
1251;4;0.063453
1151;6;0.064571
1201;6;0.067392
1251;6;0.067332
1;18;0.003584
1;16;0.000787
1;14;0.009831
1;20;0.000793
1;22;0.000038
1;8;0.000917
1;12;0.013405
1;10;0.023554
51;14;0.032982
51;16;0.023708
51;18;0.023095
51;8;0.038294
51;22;0.021884
51;10;0.028344
51;12;0.026416
51;20;0.025523
101;14;0.034747
101;16;0.025043
101;18;0.022943
101;22;0.026585
101;8;0.020493
101;20;0.019694
101;10;0.029238
101;12;0.035170
151;16;0.022692
151;14;0.027393
151;18;0.023645
151;22;0.020599
151;8;0.021830
151;20;0.018685
151;10;0.037235
151;12;0.033398
201;14;0.032142
201;16;0.019168
201;18;0.030616
201;20;0.037527
201;22;0.024102
201;8;0.032940
201;10;0.037303
201;12;0.035299
251;16;0.020434
251;14;0.031185
251;18;0.024592
251;20;0.034779
251;22;0.042744
251;8;0.028792
251;10;0.036773
251;12;0.029882
301;14;0.037571
301;16;0.032429
301;18;0.019502
301;8;0.041644
301;10;0.026157
301;12;0.041866
301;20;0.031949
301;22;0.033865
351;16;0.029031
351;14;0.033171
351;18;0.027677
351;8;0.038692
351;10;0.035401
351;12;0.034463
351;20;0.038989
401;8;0.032542
351;22;0.031258
401;14;0.037727
401;16;0.032482
401;18;0.032892
401;10;0.038106
401;12;0.036680
451;8;0.034714
451;14;0.037723
451;16;0.033469
451;10;0.033311
401;20;0.039288
401;22;0.035736
451;18;0.033429
451;12;0.036383
501;8;0.055850
501;14;0.044376
501;16;0.033546
451;20;0.041154
451;22;0.036438
501;12;0.033682
551;8;0.058933
551;14;0.041348
551;10;0.056757
551;16;0.033827
551;12;0.035522
551;18;0.033489
501;22;0.036143
501;20;0.035454
601;8;0.061958
601;10;0.061249
601;14;0.041810
601;16;0.034244
601;12;0.056953
651;8;0.058012
601;18;0.034281
651;10;0.062043
551;22;0.036050
651;14;0.035464
551;20;0.034695
651;16;0.034473
651;12;0.060438
701;8;0.062155
701;10;0.060004
651;18;0.034014
701;14;0.067379
701;16;0.034231
601;22;0.036833
701;12;0.062281
601;20;0.034522
751;8;0.062183
751;10;0.058189
701;18;0.034232
751;14;0.062653
751;12;0.059286
751;16;0.055578
801;8;0.062022
651;22;0.037347
651;20;0.040505
801;10;0.060603
751;18;0.054554
801;12;0.060574
801;14;0.062144
801;16;0.055351
851;8;0.061246
851;10;0.063461
701;22;0.037118
701;20;0.040975
851;12;0.061644
801;18;0.055056
851;14;0.062458
901;8;0.059683
851;16;0.055886
901;10;0.059437
751;22;0.037012
901;12;0.061196
751;20;0.042148
851;18;0.055276
951;8;0.061110
901;14;0.062698
901;16;0.056653
951;10;0.058133
801;22;0.037417
951;12;0.061079
1001;8;0.068007
801;20;0.070167
951;14;0.064789
901;18;0.055780
1001;10;0.060201
951;16;0.057199
1001;12;0.079774
851;22;0.058741
1051;8;0.064357
1001;14;0.074037
951;18;0.056533
851;20;0.063922
1051;10;0.064430
1001;16;0.057653
1051;12;0.077822
1051;14;0.079307
1101;8;0.070097
1001;18;0.056586
901;22;0.058089
1051;16;0.058182
1101;10;0.062450
901;20;0.056693
1101;14;0.070150
1101;12;0.070468
1051;18;0.057258
1151;8;0.072434
951;22;0.058943
1101;16;0.058099
1151;10;0.065986
951;20;0.062773
1151;14;0.069992
1101;18;0.057605
1151;12;0.071527
1201;8;0.073475
1151;16;0.059038
1001;22;0.059150
1201;10;0.066002
1001;20;0.072305
1201;14;0.066661
1151;18;0.058245
1201;12;0.073447
1201;16;0.059966
1251;8;0.070644
1051;22;0.071010
1251;10;0.062736
1051;20;0.074357
1251;14;0.065742
1251;12;0.064930
1201;18;0.059073
1251;16;0.060765
1101;22;0.061230
1101;20;0.062904
1251;18;0.058772
1151;22;0.061714
1151;20;0.059776
1201;22;0.062847
1201;20;0.074638
1251;22;0.062334
1251;20;0.075598
1;28;0.008664
1;34;0.067816
1;36;0.051419
1;40;0.000115
1;38;0.000086
1;26;0.002571
1;24;0.004339
1;42;0.000092
1;30;0.000108
1;32;0.010216
51;28;0.021960
51;34;0.076737
51;36;0.070207
51;40;0.038041
51;38;0.033844
51;24;0.021737
51;26;0.027148
51;42;0.028838
101;28;0.023256
101;34;0.086749
101;36;0.084593
101;38;0.023882
101;40;0.030359
101;26;0.030843
101;42;0.038579
101;24;0.033825
51;30;0.040309
51;32;0.023696
151;28;0.025157
151;34;0.071711
151;36;0.072795
151;40;0.021948
151;42;0.034181
151;38;0.023278
151;26;0.016168
151;24;0.030669
101;30;0.031444
101;32;0.024167
201;28;0.028306
201;34;0.073822
151;30;0.032899
201;36;0.076344
201;38;0.032823
201;40;0.042652
201;26;0.016404
201;24;0.021775
201;42;0.157986
251;34;0.071082
251;28;0.026826
251;36;0.070135
251;40;0.029909
251;38;0.029196
251;26;0.016654
251;24;0.019017
251;42;0.146728
201;30;0.048097
151;32;0.017806
301;34;0.085596
301;28;0.034437
301;36;0.102505
301;40;0.017261
301;26;0.019625
301;24;0.024019
301;38;0.030209
351;34;0.095899
301;42;0.139017
351;28;0.034795
351;36;0.083867
201;32;0.017170
251;30;0.041331
351;24;0.025212
351;26;0.029408
351;40;0.026779
351;38;0.023665
401;34;0.068824
401;28;0.033230
401;36;0.096089
351;42;0.041568
401;24;0.033676
451;34;0.077366
451;28;0.043706
401;26;0.031517
401;40;0.025815
401;38;0.030825
451;36;0.098019
251;32;0.022093
301;30;0.033714
451;24;0.034258
401;42;0.027229
501;34;0.086252
501;28;0.040371
451;26;0.027041
501;36;0.085108
451;40;0.033811
451;38;0.031442
501;24;0.033594
501;26;0.032125
551;34;0.075854
551;28;0.039405
301;32;0.043267
351;30;0.038317
551;24;0.034270
551;36;0.096891
451;42;0.139101
501;40;0.027415
551;26;0.032632
601;34;0.095211
601;28;0.042555
601;24;0.034689
601;36;0.096180
351;32;0.020885
601;26;0.032801
401;30;0.032718
651;28;0.039909
651;34;0.090659
551;40;0.028695
551;38;0.032186
651;24;0.034179
501;42;0.047707
651;36;0.109356
651;26;0.033298
701;28;0.038022
701;34;0.081270
701;24;0.034671
601;40;0.034749
601;38;0.032845
401;32;0.042966
451;30;0.035244
701;26;0.033306
551;42;0.044769
701;36;0.109974
751;24;0.035665
751;28;0.042507
751;34;0.081466
751;26;0.033823
651;38;0.032842
651;40;0.036941
751;36;0.098978
801;24;0.035280
601;42;0.043947
801;28;0.035814
451;32;0.054562
501;30;0.048859
801;34;0.094455
801;26;0.034130
851;24;0.035513
801;36;0.092341
701;38;0.033377
701;40;0.046887
851;28;0.041102
851;34;0.097108
651;42;0.041557
851;26;0.034337
501;32;0.032616
901;24;0.056947
551;30;0.036540
851;36;0.098435
901;28;0.041952
751;38;0.033067
751;40;0.034080
901;26;0.034924
901;34;0.092841
701;42;0.043062
951;24;0.057421
901;36;0.105610
951;28;0.057518
951;26;0.056818
551;32;0.032982
951;34;0.078521
601;30;0.037008
801;38;0.034242
801;40;0.033838
1001;24;0.056965
751;42;0.047060
951;36;0.105747
1001;28;0.070242
1001;26;0.057636
1001;34;0.079349
1051;24;0.057655
851;38;0.034438
851;40;0.035219
601;32;0.030578
651;30;0.037902
801;42;0.055190
1051;26;0.057758
1051;28;0.063658
1001;36;0.092043
1051;34;0.096137
1101;24;0.057920
901;38;0.034166
901;40;0.037318
1101;26;0.058018
1051;36;0.098979
1101;28;0.060193
851;42;0.051215
701;30;0.046085
651;32;0.049971
1101;34;0.100283
1151;24;0.058884
951;38;0.035150
951;40;0.036487
1151;26;0.058530
1151;28;0.063710
1101;36;0.125245
1151;34;0.093149
1201;24;0.059438
901;42;0.049868
701;32;0.034483
751;30;0.036275
1201;26;0.059298
1001;38;0.035398
1001;40;0.035819
1201;28;0.060868
1251;24;0.059924
1151;36;0.128034
1201;34;0.103158
951;42;0.043172
1251;26;0.058692
751;32;0.034925
801;30;0.048260
1051;38;0.035957
1051;40;0.040286
1251;28;0.070753
1201;36;0.121824
1251;34;0.099845
1001;42;0.047398
801;32;0.035360
1101;38;0.061862
1101;40;0.037104
1251;36;0.126591
851;30;0.037740
1051;42;0.044953
851;32;0.059184
1151;38;0.062393
901;30;0.040673
1151;40;0.063595
901;32;0.049381
1101;42;0.038918
951;30;0.037539
1201;38;0.064952
1201;40;0.064422
951;32;0.036159
1151;42;0.047737
1001;30;0.070292
1251;38;0.065025
1001;32;0.036865
1251;40;0.068573
1051;30;0.072392
1201;42;0.083988
1051;32;0.071012
1101;30;0.063035
1251;42;0.071024
1101;32;0.061816
1151;30;0.063128
1151;32;0.077836
1201;30;0.074878
1201;32;0.063907
1251;30;0.073091
1251;32;0.078692
1;50;0.069069
1;52;0.063295
1;44;0.048857
1;46;0.000136
1;48;0.004220
1;54;0.016806
51;52;0.161731
51;50;0.165230
51;44;0.106282
51;46;0.042463
101;50;0.147942
101;52;0.168395
101;44;0.084152
101;46;0.031412
51;48;0.017538
51;54;0.030527
151;50;0.174853
151;52;0.180332
151;44;0.090160
151;46;0.046742
101;48;0.038259
201;50;0.156790
201;52;0.165487
201;44;0.093323
201;46;0.052830
101;54;0.025357
251;50;0.166943
151;48;0.042244
251;52;0.203159
251;44;0.090057
251;46;0.030724
301;50;0.175754
301;52;0.160416
151;54;0.028131
301;44;0.088800
201;48;0.045801
351;50;0.159094
351;52;0.175074
301;46;0.052541
351;44;0.086502
401;50;0.166282
401;52;0.164654
251;48;0.026224
201;54;0.022490
351;46;0.045416
401;44;0.091475
451;50;0.161240
451;52;0.187740
301;48;0.017233
451;44;0.087359
501;50;0.174396
401;46;0.029378
501;52;0.193911
251;54;0.022380
551;50;0.172414
501;44;0.115811
351;48;0.022717
551;52;0.178216
451;46;0.032212
601;50;0.192782
301;54;0.029776
551;44;0.105717
601;52;0.181862
401;48;0.031419
501;46;0.034297
651;50;0.167859
651;52;0.171166
601;44;0.116851
351;54;0.032797
701;50;0.169571
551;46;0.064513
451;48;0.030651
701;52;0.188273
651;44;0.119599
751;50;0.176932
601;46;0.031487
751;52;0.179129
501;48;0.032348
401;54;0.031042
701;44;0.111915
801;50;0.165403
801;52;0.184668
651;46;0.034398
751;44;0.111778
851;50;0.173681
551;48;0.031363
451;54;0.030669
851;52;0.178992
701;46;0.035475
901;50;0.167240
801;44;0.114834
901;52;0.185931
601;48;0.032608
951;50;0.164924
501;54;0.032096
751;46;0.034623
851;44;0.109200
951;52;0.190552
1001;50;0.187666
651;48;0.031900
801;46;0.034578
901;44;0.114378
1001;52;0.173311
551;54;0.030785
1051;50;0.186745
701;48;0.031980
951;44;0.128884
851;46;0.036035
1051;52;0.187087
1101;50;0.178351
601;54;0.033686
1001;44;0.118873
1101;52;0.184410
901;46;0.057696
751;48;0.036126
1151;50;0.172578
651;54;0.033461
1151;52;0.194895
1051;44;0.116145
951;46;0.073752
801;48;0.035249
1201;50;0.189699
1101;44;0.108627
1201;52;0.192152
701;54;0.031839
1001;46;0.035311
1251;50;0.181073
851;48;0.035069
1151;44;0.123317
1251;52;0.192312
1051;46;0.036781
751;54;0.031907
901;48;0.034643
1201;44;0.116807
1101;46;0.037827
801;54;0.033857
951;48;0.035505
1251;44;0.113728
1151;46;0.038247
1001;48;0.036910
851;54;0.058714
1201;46;0.039113
1051;48;0.037094
901;54;0.034844
1251;46;0.066336
1101;48;0.036970
951;54;0.035123
1151;48;0.037717
1001;54;0.035243
1201;48;0.038296
1051;54;0.035967
1251;48;0.064021
1101;54;0.036707
1151;54;0.037174
1;58;0.053745
1;56;0.005870
1201;54;0.037945
51;58;0.140188
101;58;0.173199
51;56;0.045965
1251;54;0.038023
151;58;0.183137
101;56;0.018908
201;58;0.147678
251;58;0.180742
301;58;0.191608
151;56;0.051916
351;58;0.179918
201;56;0.038655
401;58;0.297885
451;58;0.297201
251;56;0.033470
501;58;0.277216
301;56;0.025939
551;58;0.259737
601;58;0.264073
351;56;0.025272
651;58;0.271409
401;56;0.042047
701;58;0.263454
451;56;0.034485
751;58;0.243047
801;58;0.298297
501;56;0.031737
851;58;0.221628
551;56;0.030951
901;58;0.251746
951;58;0.208721
601;56;0.026514
1001;58;0.207808
651;56;0.031530
1051;58;0.218876
701;56;0.033746
1101;58;0.172328
751;56;0.034054
1151;58;0.216436
1201;58;0.176853
801;56;0.033934
1251;58;0.216387
851;56;0.034663
901;56;0.035899
951;56;0.034680
1001;56;0.035790
1051;56;0.036075
1101;56;0.036696
1;62;0.000099
1;60;0.019577
1;64;0.007660
1151;56;0.038202
51;62;0.046516
51;60;0.043875
51;64;0.018242
1201;56;0.037480
101;62;0.045622
101;60;0.045416
101;64;0.049467
1251;56;0.037649
151;62;0.024687
151;60;0.098707
151;64;0.044278
201;62;0.041282
201;60;0.030299
251;62;0.048217
201;64;0.082738
251;60;0.030580
301;62;0.021368
301;60;0.041158
251;64;0.163544
351;62;0.027923
351;60;0.020169
301;64;0.061468
401;62;0.044321
401;60;0.024746
451;62;0.075486
351;64;0.176663
501;62;0.032187
451;60;0.036290
401;64;0.045145
551;62;0.033416
501;60;0.031102
451;64;0.163137
601;62;0.033025
551;60;0.033079
501;64;0.057539
651;62;0.034288
601;60;0.031768
701;62;0.033386
551;64;0.174128
651;60;0.031921
751;62;0.035179
601;64;0.039767
801;62;0.034836
701;60;0.033390
651;64;0.045742
851;62;0.029534
751;60;0.032308
901;62;0.077968
801;60;0.034196
701;64;0.047067
951;62;0.085432
851;60;0.034909
751;64;0.047042
1001;62;0.078099
901;60;0.036100
801;64;0.053322
1051;62;0.084397
951;60;0.034998
851;64;0.039943
1101;62;0.037191
1001;60;0.036962
901;64;0.184927
1151;62;0.037218
1051;60;0.036248
951;64;0.047135
1201;62;0.038422
1101;60;0.036933
1001;64;0.047476
1251;62;0.040595
1151;60;0.036891
1051;64;0.194704
1201;60;0.037116
1101;64;0.048583
1251;60;0.037993
1151;64;0.181230
1201;64;0.049563
1251;64;0.043956
1301;2;0.047710
1351;2;0.048430
1401;2;0.050040
1451;2;0.050269
1501;2;0.052595
1551;2;0.053609
1601;2;0.055623
1651;2;0.055719
1701;2;0.058498
1751;2;0.059876
1801;2;0.061424
1851;2;0.062510
1901;2;0.065329
1951;2;0.065536
2001;2;0.067155
2051;2;0.071580
2101;2;0.072117
2151;2;0.079177
2201;2;0.076032
2251;2;0.078114
2301;2;0.080043
2351;2;0.082610
2401;2;0.085032
2451;2;0.086558
2501;2;0.088750
2551;2;0.091664
2601;2;0.093868
2651;2;0.095969
2701;2;0.098825
2751;2;0.101434
2801;2;0.104214
2851;2;0.106519
2901;2;0.110141
2951;2;0.112588
3001;2;0.115314
3051;2;0.117725
3101;2;0.120454
3151;2;0.122592
3201;2;0.127014
3251;2;0.128641
3301;2;0.132457
3351;2;0.135644
3401;2;0.138484
3451;2;0.139204
3501;2;0.147081
3551;2;0.148338
3601;2;0.151483
1301;4;0.093535
1351;4;0.107980
1401;4;0.098724
3651;2;0.155056
1451;4;0.107456
1501;4;0.110675
1551;4;0.107905
1601;4;0.114680
3701;2;0.156417
1651;4;0.107914
1701;4;0.118406
1751;4;0.109256
3751;2;0.161296
1801;4;0.097556
1851;4;0.120226
1901;4;0.128778
3801;2;0.165525
1951;4;0.120893
2001;4;0.119217
2051;4;0.127220
3851;2;0.168890
2101;4;0.141807
2151;4;0.134987
3901;2;0.172838
2201;4;0.137080
2251;4;0.136000
2301;4;0.144386
3951;2;0.175812
2351;4;0.101707
2401;4;0.149872
4001;2;0.179165
2451;4;0.137082
2501;4;0.170645
4051;2;0.181101
2551;4;0.160961
2601;4;0.178810
4101;2;0.191458
2651;4;0.162997
2701;4;0.178601
4151;2;0.189446
2751;4;0.176140
2801;4;0.181228
4201;2;0.192099
2851;4;0.188051
4251;2;0.197980
2901;4;0.180179
2951;4;0.194041
4301;2;0.200707
3001;4;0.182826
3051;4;0.183770
4351;2;0.207510
3101;4;0.182385
4401;2;0.210232
3151;4;0.192846
3201;4;0.127152
4451;2;0.214338
3251;4;0.221221
3301;4;0.204885
4501;2;0.218157
3351;4;0.209349
4551;2;0.225878
3401;4;0.199257
3451;4;0.236958
4601;2;0.226492
3501;4;0.189118
3551;4;0.221518
4651;2;0.231631
3601;4;0.248308
4701;2;0.238151
3651;4;0.226902
3701;4;0.229717
4751;2;0.243975
3751;4;0.235727
4801;2;0.241556
3801;4;0.249882
3851;4;0.266922
4851;2;0.251661
3901;4;0.241154
4901;2;0.256505
3951;4;0.251484
4951;2;0.257666
4001;4;0.264383
4051;4;0.293711
5001;2;0.260080
1301;6;0.067159
1301;10;0.065988
1301;8;0.065231
1301;12;0.067017
1301;14;0.066783
1301;16;0.062015
1301;18;0.061511
1351;6;0.068543
1351;8;0.066172
1351;10;0.064389
1351;12;0.067256
1351;14;0.067235
1351;16;0.062618
1351;18;0.060808
4101;4;0.267896
1401;8;0.069033
1401;6;0.067461
1401;10;0.065403
1401;12;0.067822
1401;14;0.066967
1401;18;0.061322
1401;16;0.063042
1451;6;0.069631
1451;8;0.066653
1451;10;0.067619
1451;12;0.068667
1451;14;0.068302
1451;18;0.062253
1451;16;0.063716
1501;6;0.071667
1501;8;0.068917
1501;10;0.066444
1501;12;0.069844
1501;14;0.069388
1501;18;0.063980
1501;16;0.064970
1551;6;0.070939
1551;8;0.067794
1551;10;0.070381
1551;12;0.071027
1551;14;0.068160
1551;18;0.062858
1551;16;0.065220
1601;6;0.071871
1601;8;0.070666
1601;10;0.068409
1601;12;0.071716
4151;4;0.264446
1601;14;0.071722
1651;6;0.072110
1601;18;0.064408
1601;16;0.065567
1651;8;0.070503
1651;10;0.070500
1651;12;0.073631
1651;14;0.072480
1701;6;0.073719
1701;8;0.072918
1651;18;0.065140
1651;16;0.067042
1701;10;0.071089
1701;12;0.074375
1751;6;0.074661
1701;14;0.073918
1751;8;0.072775
1701;18;0.065639
1751;10;0.073511
1701;16;0.067695
1751;12;0.075713
1751;14;0.075057
1801;8;0.074526
1801;6;0.078122
1801;10;0.074798
1751;16;0.068472
1751;18;0.066521
1801;12;0.081822
1801;14;0.076292
1851;8;0.074864
1851;6;0.078622
1851;10;0.077042
4201;4;0.280435
1801;16;0.069723
1801;18;0.067417
1851;12;0.080136
1901;8;0.074869
1851;14;0.077189
1901;6;0.079882
1901;10;0.074157
1851;16;0.070721
1851;18;0.068311
1901;12;0.079865
1951;8;0.075428
1951;6;0.081086
1901;14;0.078485
1951;10;0.076275
4251;4;0.200218
1901;16;0.071644
1901;18;0.068998
1951;12;0.081160
2001;8;0.078178
2001;6;0.082606
1951;14;0.080298
2001;10;0.078987
1951;16;0.072992
1951;18;0.069681
2051;8;0.079155
2051;6;0.083031
2001;12;0.081773
2001;14;0.079713
2051;10;0.078585
2001;16;0.073383
2001;18;0.071010
2101;8;0.081265
2101;6;0.084611
2051;12;0.084269
2101;10;0.080762
2051;14;0.082285
2051;16;0.074508
2051;18;0.071830
2151;8;0.081175
2151;6;0.088788
2101;12;0.086519
2151;10;0.080775
2101;14;0.083461
4301;4;0.280487
2101;16;0.075909
2101;18;0.072858
2201;8;0.083181
2201;6;0.088770
2201;10;0.082463
2151;12;0.094143
2151;14;0.084531
2151;16;0.076698
2151;18;0.073639
2251;6;0.087248
2251;8;0.083476
2251;10;0.083433
2201;12;0.089326
2201;14;0.085861
2201;16;0.077812
2201;18;0.075009
2301;6;0.088524
2301;8;0.084175
2301;10;0.083512
2251;12;0.089270
2251;14;0.087267
4351;4;0.301226
2351;6;0.090226
2251;16;0.079743
2251;18;0.075775
2351;8;0.086068
2351;10;0.084521
2301;12;0.089621
2301;14;0.088160
2401;6;0.118161
2401;8;0.087793
2301;16;0.079823
2301;18;0.076554
2401;10;0.086002
2351;12;0.136645
2351;14;0.089792
2451;6;0.112032
2451;8;0.089942
2351;18;0.077498
2351;16;0.081054
2451;10;0.087587
2401;12;0.094370
2401;14;0.091828
2501;6;0.118661
4401;4;0.306941
2501;8;0.088851
2401;18;0.079210
2401;16;0.083048
2501;10;0.090179
2451;12;0.109395
2451;14;0.092207
2551;6;0.113142
2551;8;0.091299
2451;18;0.079504
2451;16;0.084544
2551;10;0.092692
2501;12;0.111936
2501;14;0.093769
2601;8;0.091740
2601;10;0.092153
2601;6;0.107761
2501;18;0.081118
2501;16;0.083998
4451;4;0.308891
2551;14;0.093848
2551;12;0.114019
2651;8;0.094735
2651;10;0.093026
2651;6;0.123286
2551;18;0.082993
2551;16;0.086852
2601;12;0.110619
2601;14;0.096614
2701;8;0.095930
2701;10;0.095671
2601;18;0.083601
2601;16;0.087198
2701;6;0.123520
2651;14;0.096065
2651;12;0.115449
1301;20;0.063212
2651;18;0.084011
2751;8;0.097284
2751;10;0.096295
2751;6;0.125787
1351;20;0.061868
2651;16;0.088627
4501;4;0.331842
1401;20;0.062205
2701;14;0.097661
2701;12;0.116765
2801;6;0.117086
2701;18;0.085291
2801;8;0.099320
1451;20;0.063425
2801;10;0.096921
2701;16;0.089790
2751;14;0.099742
1501;20;0.063484
2751;12;0.113702
2851;6;0.118057
2751;18;0.087423
1551;20;0.069799
2851;10;0.096722
2851;8;0.100025
2751;16;0.091326
2801;14;0.101756
2801;12;0.112383
1601;20;0.066244
4551;4;0.324675
2901;6;0.109483
2801;18;0.088274
2901;10;0.100596
2901;8;0.103251
1651;20;0.066388
2801;16;0.092229
2851;14;0.104118
2851;12;0.105520
1701;20;0.067467
2951;6;0.136809
2851;18;0.089613
2951;10;0.102975
2951;8;0.105199
2851;16;0.094748
1751;20;0.068296
2901;14;0.104546
2901;12;0.124393
1801;20;0.069417
3001;6;0.121527
2901;18;0.091681
3001;10;0.103555
3001;8;0.103787
4601;4;0.335766
2901;16;0.094824
1851;20;0.070077
2951;14;0.106321
2951;12;0.113999
1901;20;0.071524
3051;6;0.142537
2951;18;0.093098
3051;10;0.104377
3051;8;0.107234
2951;16;0.096659
1951;20;0.072151
3001;14;0.107150
3001;12;0.126132
2001;20;0.073098
3101;6;0.142357
3001;18;0.093407
3101;10;0.105997
3101;8;0.108277
3001;16;0.098695
4651;4;0.331072
3051;14;0.109816
2051;20;0.074427
3051;12;0.129342
3151;6;0.143208
3051;18;0.095050
3151;10;0.109433
3151;8;0.110900
2101;20;0.075585
3051;16;0.099173
3101;14;0.110977
3101;12;0.130377
2151;20;0.076215
3201;6;0.146901
3101;18;0.096229
3201;10;0.110766
3201;8;0.112662
3101;16;0.100371
2201;20;0.077422
3151;14;0.111971
3151;12;0.134981
4701;4;0.347762
2251;20;0.078229
3251;6;0.140497
3151;18;0.097784
3251;8;0.114223
3151;16;0.102937
3201;14;0.114878
3201;12;0.131046
2301;20;0.079109
3301;6;0.152480
3201;18;0.099215
3301;10;0.114610
3301;8;0.116679
3201;16;0.103447
2351;20;0.080766
3251;14;0.116840
3251;12;0.133581
2401;20;0.082850
4751;4;0.363403
3351;6;0.140401
3351;10;0.117093
3251;18;0.100603
3351;8;0.116680
3251;16;0.104442
3301;14;0.117293
3301;12;0.142511
2451;20;0.083114
3401;6;0.137202
3301;16;0.109158
3301;18;0.101847
3401;10;0.117614
3401;8;0.119120
3351;14;0.118570
3351;12;0.124111
2501;20;0.083879
4801;4;0.351548
3351;18;0.103697
3451;10;0.118972
3451;8;0.121685
3351;16;0.107905
3451;6;0.159368
2551;20;0.086106
3401;14;0.122541
3401;12;0.135660
2601;20;0.087004
3501;10;0.121248
3401;18;0.109225
3501;6;0.144338

3501;8;0.124499
3451;14;0.124382
3451;12;0.147768
2651;20;0.086936
4851;4;0.364507
3451;18;0.105687
3551;10;0.123738
3451;16;0.112548
3551;8;0.126719
3551;6;0.137868
2701;20;0.089721
3501;14;0.124456
3501;12;0.133199
2751;20;0.090402
3501;18;0.107042
3601;10;0.126254
3501;16;0.112514
3601;8;0.127555
3601;6;0.171013
3551;14;0.126226
3551;12;0.152321
2801;20;0.093049
4901;4;0.375123
3551;18;0.107565
3651;10;0.127019
3551;16;0.114337
3651;8;0.129282
3651;6;0.151422
2851;20;0.093795
3601;14;0.128323
3601;12;0.130478
2901;20;0.093666
3601;18;0.110924
3701;10;0.127890
3601;16;0.117562
3701;8;0.132141
3701;6;0.144550
3651;14;0.129497
3651;12;0.152959
2951;20;0.094642
4951;4;0.371220
3651;18;0.112263
3751;10;0.129857
3651;16;0.117238
3751;8;0.134282
3751;6;0.175727
3701;14;0.130400
3001;20;0.095367
3701;12;0.154051
3701;18;0.115025
3051;20;0.097494
3801;10;0.132370
3701;16;0.119124
3801;8;0.136539
3801;6;0.159283
3751;14;0.132689
3751;12;0.136484
5001;4;0.371650
3101;20;0.098147
3751;18;0.118066
3851;10;0.135340
3751;16;0.124060
3851;8;0.139127
3851;6;0.152970
3801;14;0.136465
3801;12;0.158474
3151;20;0.100657
3801;18;0.120523
3901;10;0.137070
3801;16;0.122117
3901;8;0.141271
3901;6;0.159932
3851;14;0.139739
3201;20;0.102359
3851;12;0.153857
3851;18;0.123796
3251;20;0.103031
3851;16;0.123374
3901;14;0.143146
3951;10;0.139383
3951;8;0.144452
3951;6;0.181274
3901;12;0.152748
3301;20;0.104631
3901;18;0.124033
1301;22;0.075473
3951;14;0.142698
4001;10;0.141440
4001;8;0.146745
4001;6;0.170305
1351;22;0.061454
3951;12;0.172227
3351;20;0.108620
1401;22;0.061943
1451;22;0.068506
3951;18;0.127790
1501;22;0.076244
4001;14;0.144263
4051;10;0.144782
3951;16;0.126986
4051;8;0.148425
4051;6;0.185483
1551;22;0.069973
4001;12;0.152328
1601;22;0.077801
4001;18;0.128586
1651;22;0.086526
3451;20;0.109857
4051;14;0.146526
4101;10;0.145473
4001;16;0.129746
1701;22;0.068692
4101;8;0.150243
4101;6;0.188868
4051;12;0.157334
1751;22;0.081558
3501;20;0.112234
1801;22;0.082999
4051;18;0.134315
4101;14;0.147962
4151;10;0.147878
1851;22;0.075077
4051;16;0.137013
4151;6;0.194204
4151;8;0.153352
4101;12;0.161520
1901;22;0.083047
3551;20;0.112591
1951;22;0.081559
4101;18;0.134269
4151;14;0.150076
4101;16;0.134968
4201;10;0.149733
2001;22;0.074568
4201;8;0.157645
4201;6;0.172244
3601;20;0.114409
4151;12;0.174870
2051;22;0.088513
4251;10;0.153054
4251;8;0.157297
4251;6;0.204643
4151;18;0.139161
2101;22;0.087584
3651;20;0.120066
4201;14;0.152932
4151;16;0.138300
2151;22;0.083999
4201;12;0.181893
2201;22;0.090368
4251;14;0.155007
4301;10;0.155376
4301;8;0.160714
4301;6;0.195508
4201;18;0.137995
3701;20;0.116933
4251;12;0.167410
2251;22;0.082444
4201;16;0.144904
4251;18;0.145479
2301;22;0.078322
3751;20;0.119558
4301;14;0.164174
4251;16;0.142872
4351;10;0.157099
4351;8;0.162690
4351;6;0.215652
2351;22;0.095750
4301;12;0.180595
2401;22;0.095587
4301;18;0.142785
3801;20;0.127487
4351;14;0.161573
4301;16;0.146734
4401;10;0.157838
2451;22;0.095964
4401;8;0.165282
4351;12;0.184912
4401;6;0.192967
3851;20;0.126032
2501;22;0.100119
4351;18;0.144660
4401;14;0.163908
4351;16;0.152925
2551;22;0.091536
4451;10;0.162898
4451;8;0.168940
4401;12;0.198257
4451;6;0.219487
3901;20;0.126157
2601;22;0.087628
4401;18;0.148791
2651;22;0.086085
4451;14;0.167003
4401;16;0.150128
3951;20;0.129199
4501;10;0.166290
4501;8;0.170570
4451;12;0.194647
2701;22;0.102962
4501;6;0.198515
4451;18;0.151781
2751;22;0.087815
4501;14;0.168344
4001;20;0.133393
4451;16;0.153077
4551;10;0.167443
4551;8;0.179568
2801;22;0.098855
4501;12;0.194111
4551;6;0.227331
4501;18;0.153767
2851;22;0.094298
4051;20;0.134440
4551;14;0.173652
4501;16;0.161754
2901;22;0.106552
4601;10;0.168169
4601;8;0.175778
4551;12;0.194513
4601;6;0.227575
4551;18;0.157769
4101;20;0.136283
2951;22;0.096197
4601;14;0.172999
4551;16;0.159512
3001;22;0.099456
4651;10;0.172273
4651;8;0.180075
4601;12;0.205473
4651;6;0.221892
4601;18;0.161388
4151;20;0.141168
3051;22;0.099167
4651;14;0.176140
4601;16;0.161940
3101;22;0.107315
4701;10;0.175962
4701;8;0.181301
4651;12;0.204084
4201;20;0.141699
4701;6;0.233174
4651;18;0.160443
3151;22;0.103805
4251;20;0.142928
4701;14;0.178497
4651;16;0.172388
4751;10;0.178062
4701;12;0.190347
4751;8;0.184631
3201;22;0.121442
4751;6;0.226310
4701;18;0.166756
4301;20;0.149333
3251;22;0.122742
4701;16;0.168408
4751;14;0.180886
4801;10;0.181283
4751;12;0.211259
4801;8;0.187585
4801;6;0.224284
4751;18;0.167284
4351;20;0.148724
3301;22;0.119989
4801;14;0.183909
4751;16;0.170289
3351;22;0.109255
4851;10;0.182732
4801;12;0.214637
4851;8;0.190239
4801;18;0.175823
4851;6;0.243730
4401;20;0.151483
3401;22;0.125924
4851;14;0.186745
4801;16;0.180900
4901;10;0.185487
3451;22;0.112329
4851;12;0.217231
4901;8;0.194376
4451;20;0.157697
4851;18;0.173927
4901;6;0.244234
3501;22;0.131227
4901;14;0.189243
4851;16;0.176464
4501;20;0.157255
4951;10;0.190477
4951;8;0.196435
4901;12;0.207643
4901;18;0.180523
3551;22;0.132412
4951;6;0.226883
3601;22;0.115652
4551;20;0.159614
4951;14;0.191797
4901;16;0.178732
5001;10;0.190973
4951;12;0.207758
5001;8;0.201784
4951;18;0.180035
5001;6;0.257959
3651;22;0.136053
4601;20;0.166623
5001;14;0.196233
4951;16;0.189222
3701;22;0.126672
5001;12;0.218122
5001;18;0.187018
3751;22;0.128648
4651;20;0.166371
5001;16;0.185613
3801;22;0.125061
1301;24;0.062182
1301;26;0.084217
1301;28;0.060605
4701;20;0.169950
1351;24;0.060515
1351;26;0.070242
1351;28;0.061426
1401;24;0.060602
1401;26;0.081724
1401;28;0.063608
1451;24;0.061746
1451;26;0.087235
1451;28;0.062327
3851;22;0.126757
1501;24;0.062946
1501;26;0.088401
1501;28;0.062825
1551;24;0.062907
1551;26;0.088828
1551;28;0.063648
4751;20;0.179661
1601;24;0.063921
1601;26;0.084408
1601;28;0.064540
3901;22;0.152527
1651;24;0.064603
1651;26;0.085360
1651;28;0.065353
1701;24;0.065211
1701;26;0.066033
1701;28;0.067140
1751;24;0.066381
1751;26;0.089232
1751;28;0.066885
1801;24;0.067465
3951;22;0.156627
1801;26;0.092276
4801;20;0.174758
1801;28;0.067986
1851;24;0.067992
1851;26;0.089250
1851;28;0.069130
1901;24;0.069023
1901;26;0.094422
1901;28;0.070272
1951;24;0.069308
4001;22;0.142230
1951;26;0.083820
1951;28;0.070940
2001;24;0.070599
2001;26;0.094606
4851;20;0.176676
2001;28;0.072276
2051;24;0.071499
2051;26;0.096211
4051;22;0.138325
2051;28;0.072424
2101;24;0.072712
2101;26;0.096932
2101;28;0.073807
2151;24;0.073368
2151;26;0.098677
2151;28;0.074278
2201;24;0.074003
4901;20;0.179936
2201;26;0.095190
4101;22;0.137816
2201;28;0.075329
2251;24;0.075567
2251;26;0.095238
2251;28;0.076687
2301;24;0.077596
2301;26;0.101265
4151;22;0.141047
2301;28;0.077122
2351;24;0.078237
2351;26;0.102003
4951;20;0.185408
2401;24;0.079665
2351;28;0.078478
2401;26;0.105800
2451;24;0.080564
2401;28;0.079396
4201;22;0.154752
2451;26;0.105920
2501;24;0.080497
2451;28;0.080799
5001;20;0.185867
4251;22;0.167892
2501;26;0.108580
2551;24;0.081670
2501;28;0.081919
1301;32;0.063288
1301;34;0.066176
1301;30;0.064090
2551;26;0.107230
1351;32;0.063820
1351;34;0.067236
1351;30;0.066414
2551;28;0.083599
2601;24;0.082336
1401;32;0.064164
1401;34;0.068765
1401;30;0.075922
2601;26;0.109629
4301;22;0.152216
1451;32;0.065769
1451;34;0.069378
1451;30;0.078544
2651;24;0.084150
2601;28;0.085653
1501;32;0.066874
1501;34;0.070439
1501;30;0.063305
2651;26;0.108596
1551;32;0.069572
1551;34;0.071716
2701;24;0.085416
1551;30;0.075183
2651;28;0.086725
2701;26;0.109300
1601;32;0.068561
1601;34;0.073624
1601;30;0.065933
4351;22;0.164503
2751;24;0.085469
2701;28;0.089181
1651;32;0.068952
1651;34;0.077091
1651;30;0.069321
2751;26;0.109729
1701;32;0.070148
1701;34;0.075396
1701;30;0.073322
2801;24;0.088126
2751;28;0.088312
1751;32;0.072311
2801;26;0.110985
1751;34;0.076544
1751;30;0.077616
4401;22;0.179383
1801;32;0.074069
2851;24;0.088893
2801;28;0.088673
1801;34;0.078777
1801;30;0.079510
2851;26;0.115888
1851;32;0.073643
1851;34;0.082908
1851;30;0.070618
2901;24;0.092285
2851;28;0.090315
1901;32;0.074394
1901;34;0.080687
1901;30;0.080153
2901;26;0.100502
1951;32;0.076042
4451;22;0.180036
2951;24;0.092731
1951;34;0.082023
2901;28;0.091486
1951;30;0.074336
2951;26;0.118244
2001;32;0.077126
2001;34;0.084645
2001;30;0.070933
3001;24;0.093317
2951;28;0.092863
2051;32;0.080580
2051;34;0.088747
2051;30;0.084453
3001;26;0.121882
2101;32;0.079080
4501;22;0.165870
3051;24;0.094182
2101;34;0.086351
2101;30;0.080728
3001;28;0.093817
3051;26;0.121944
2151;32;0.080296
2151;34;0.088688
2151;30;0.074127
3101;24;0.094912
3051;28;0.096173
2201;32;0.082078
2201;34;0.090770
3101;26;0.119243
2201;30;0.086716
4551;22;0.172960
2251;32;0.083222
3151;24;0.096817
2251;34;0.095369
3101;28;0.097455
2251;30;0.076048
3151;26;0.124585
2301;32;0.087296
2301;30;0.090720
2301;34;0.093166
3151;28;0.098883
3201;24;0.097851
2351;32;0.085919
3201;26;0.123413
4601;22;0.167189
2351;34;0.095045
2351;30;0.086010
2401;32;0.086502
3251;24;0.099076
3201;28;0.101794
2401;30;0.088676
2401;34;0.097662
3251;26;0.124865
2451;32;0.088678
1301;36;0.066115
2451;30;0.072602
2451;34;0.103282
3251;28;0.105308
3301;24;0.101548
2501;32;0.091404
4651;22;0.186389
1351;36;0.067859
3301;26;0.126943
2501;30;0.084443
2501;34;0.101406
1401;36;0.071374
2551;32;0.095755
3301;28;0.108852
3351;24;0.102953
1451;36;0.069283
2551;30;0.096061
2551;34;0.103411
3351;26;0.134069
1501;36;0.071132
2601;32;0.093095
4701;22;0.168815
2601;30;0.083752
2601;34;0.105719
1551;36;0.073346
3351;28;0.112692
3401;24;0.103957
2651;32;0.095486
3401;26;0.126741
1601;36;0.073283
2651;30;0.102752
2651;34;0.109831
1651;36;0.074372
2701;32;0.097055
3401;28;0.109787
3451;24;0.110364
1701;36;0.076283
3451;26;0.133602
2701;30;0.102441
2701;34;0.108025
4751;22;0.181901
2751;32;0.098386
1751;36;0.080496
3451;28;0.110488
3501;24;0.111188
2751;30;0.091687
2751;34;0.109595
1801;36;0.078108
3501;26;0.125186
2801;32;0.103222
1851;36;0.079599
2801;30;0.106945
2801;34;0.111902
3501;28;0.113603
3551;24;0.110834
2851;32;0.101039
1901;36;0.083452
4801;22;0.194193
3551;26;0.133222
2851;30;0.107355
2851;34;0.118194
1951;36;0.082106
2901;32;0.102854
3601;24;0.111621
3551;28;0.115588
3601;26;0.135810
2001;36;0.083672
2901;30;0.116207
2901;34;0.116178
2951;32;0.104750
2051;36;0.086418
4851;22;0.176781
3651;24;0.113242
3601;28;0.117237
2951;30;0.107869
2951;34;0.118828
3651;26;0.135694
2101;36;0.092627
3001;32;0.107529
2151;36;0.088638
3001;30;0.112444
3001;34;0.120507
3651;28;0.118884
3701;24;0.115341
3701;26;0.138716
3051;32;0.112514
2201;36;0.091000
4901;22;0.177810
3051;30;0.108421
3051;34;0.125538
2251;36;0.095691
3751;24;0.118145
3701;28;0.119658
3101;32;0.118093
3751;26;0.142137
2301;36;0.093557
3101;30;0.115340
3101;34;0.124679
4951;22;0.180592
3151;32;0.109794
2351;36;0.095503
3751;28;0.121570
3801;24;0.120785
1301;38;0.067091
3801;26;0.140246
3151;30;0.118162
3151;34;0.125811
2401;36;0.098487
3201;32;0.112649
1351;38;0.067910
2451;36;0.107049
1401;38;0.067636
3851;24;0.121214
3801;28;0.123704
3201;34;0.128383
3201;30;0.125423
3251;32;0.115410
1451;38;0.068997
3851;26;0.144974
5001;22;0.195207
2501;36;0.101768
1501;38;0.071174
3251;30;0.117312
3251;34;0.133149
1551;38;0.071518
3901;24;0.123244
2551;36;0.103121
3851;28;0.127395
3301;32;0.119294
3901;26;0.150022
1601;38;0.072693
2601;36;0.108721
3301;34;0.145606
3301;30;0.116442
1651;38;0.074496
3351;32;0.126691
3951;24;0.126326
3901;28;0.132399
1701;38;0.074934
2651;36;0.106255
3951;26;0.145241
1751;38;0.076356
3351;30;0.115267
3351;34;0.135650
3401;32;0.119540
2701;36;0.108843
1801;38;0.078154
4001;24;0.127881
3951;28;0.135545
1851;38;0.083688
3401;30;0.111934
3401;34;0.137256
4001;26;0.152370
2751;36;0.111817
3451;32;0.121278
1901;38;0.080274
1951;38;0.081441
4051;24;0.137577
2801;36;0.123851
4001;28;0.140146
3451;30;0.130712
3451;34;0.141087
3501;32;0.123350
4051;26;0.147655
2001;38;0.087388
2851;36;0.114842
2051;38;0.084590
3501;30;0.136018
3501;34;0.151760
4101;24;0.138496
4051;28;0.146897
3551;32;0.126567
2101;38;0.086077
2901;36;0.117701
4101;26;0.150818
2151;38;0.091581
3551;30;0.123645
3551;34;0.142650
3601;32;0.133730
2951;36;0.123621
4101;28;0.137926
4151;24;0.139019
2201;38;0.089709
4151;26;0.157820
3601;30;0.148083
3001;36;0.121295
2251;38;0.091058
3601;34;0.144792
3651;32;0.129523
2301;38;0.096732
4151;28;0.141914
4201;24;0.139523
3051;36;0.123712
4201;26;0.155394
3651;34;0.150650
3651;30;0.141420
2351;38;0.093609
3701;32;0.129837
4251;24;0.137895
4251;26;0.159940
3101;36;0.127448
2401;38;0.095655
4201;28;0.142945
3701;30;0.133366
3701;34;0.158298
2451;38;0.102252
3751;32;0.133190
4251;28;0.145001
3151;36;0.138296
4301;24;0.142095
2501;38;0.099025
4301;26;0.162919
3751;30;0.126944
3751;34;0.150633
3201;36;0.130434
2551;38;0.100920
3801;32;0.133696
4301;28;0.148574
4351;24;0.144150
2601;38;0.107622
3801;30;0.129276
3251;36;0.131937
4351;26;0.161447
3801;34;0.155689
3851;32;0.141372
2651;38;0.104538
4351;28;0.150500
3301;36;0.139692
4401;24;0.147590
3851;30;0.129005
3851;34;0.156844
2701;38;0.106351
4401;26;0.168366
3901;32;0.138586
3351;36;0.136737
2751;38;0.112378
3901;30;0.133871
4401;28;0.151836
3901;34;0.165594
4451;24;0.149238
2801;38;0.110130
3951;32;0.139127
4451;26;0.170881
3401;36;0.138548
2851;38;0.112717
3951;30;0.140659
3951;34;0.159925
4451;28;0.155738
3451;36;0.143303
4001;32;0.140881
4501;24;0.151422
2901;38;0.119027
4501;26;0.174259
4001;30;0.134663
3501;36;0.158682
4001;34;0.164025
2951;38;0.116389
4051;32;0.143319
4501;28;0.158841
4551;24;0.155059
4551;26;0.176191
3001;38;0.118600
3551;36;0.145795
4051;30;0.136600
4051;34;0.164568
4101;32;0.151261
4551;28;0.162342
3051;38;0.124675
3601;36;0.147983
4601;24;0.168578
4101;30;0.141174
4601;26;0.182722
4101;34;0.172495
3101;38;0.123150
4151;32;0.145292
1301;44;0.140689
1301;46;0.068538
1301;40;0.068360
1301;42;0.172938
3651;36;0.157546
4601;28;0.167843
4151;30;0.146437
1351;44;0.128564
1351;46;0.069682
1351;42;0.166580
1351;40;0.068076
3151;38;0.124619
4651;24;0.169145
4151;34;0.166050
1401;44;0.137220
4651;26;0.185373
1401;46;0.067124
1401;42;0.247229
1401;40;0.069254
4201;32;0.147874
1451;44;0.129840
3701;36;0.150683
1451;42;0.164948
3201;38;0.129395
1451;46;0.070164
1451;40;0.070628
4201;30;0.146693
1501;44;0.123840
1501;42;0.170001
4651;28;0.170684
4251;32;0.149314
1501;46;0.072055
1501;40;0.073708
1551;42;0.149671
4201;34;0.168535
4701;24;0.167473
1551;44;0.142194
3251;38;0.129132
1551;46;0.075092
1551;40;0.078753
1601;42;0.166134
3751;36;0.155679
4701;26;0.185325
4251;30;0.146683
1601;44;0.139163
1601;40;0.074750
1601;46;0.071039
1651;42;0.167693
4251;34;0.171060
1651;44;0.137956
3301;38;0.132154
4301;32;0.153589
1651;40;0.077872
1651;46;0.073165
4701;28;0.179524
1701;42;0.162609
1701;44;0.133472
3801;36;0.159250
4751;24;0.170001
4301;30;0.155661
1701;40;0.076803
1701;46;0.073511
1751;42;0.156136
1751;44;0.139446
4751;26;0.188500
3351;38;0.138664
4301;34;0.182303
1751;40;0.078530
1751;46;0.074436
1801;42;0.167858
1801;44;0.135060
4351;32;0.162647
3851;36;0.171641
1801;40;0.082279
1801;46;0.081307
1851;44;0.141795
1851;42;0.172712
4751;28;0.172591
3401;38;0.136318
4351;30;0.165456
4801;24;0.169730
1851;40;0.084457
1901;44;0.145508
1851;46;0.077893
1901;42;0.182776
4801;26;0.197322
4351;34;0.176084
1901;40;0.082118
1951;44;0.142655
3901;36;0.159459
1901;46;0.082670
3451;38;0.139388
4401;32;0.155747
1951;42;0.176654
1951;40;0.088433
2001;44;0.152187
4801;28;0.174195
1951;46;0.080296
4401;30;0.153439
2001;42;0.172136
4851;24;0.173534
2001;40;0.085774
2051;44;0.149079
3501;38;0.167562
3951;36;0.164087
2001;46;0.084118
4401;34;0.178848
2051;42;0.171385
4851;26;0.198830
4451;32;0.160501
2051;40;0.088720
2101;44;0.143304
2101;42;0.188604
2051;46;0.082139
3551;38;0.142424
4451;30;0.163985
2101;40;0.089023
2151;44;0.151586
4851;28;0.177974
2151;42;0.199029
2101;46;0.084348
4001;36;0.173750
4901;24;0.174686
2151;40;0.089034
4451;34;0.182978
2201;44;0.147507
4901;26;0.199232
2201;42;0.172182
4501;32;0.162029
2151;46;0.085202
3601;38;0.143421
2201;40;0.093308
2251;44;0.155207
2251;42;0.203130
4501;30;0.160643
2201;46;0.086402
4051;36;0.163191
2251;40;0.093339
2301;44;0.148675
4901;28;0.179466
2301;42;0.211981
4501;34;0.189864
2251;46;0.095996
4951;24;0.177261
3651;38;0.172274
4551;32;0.165795
2301;40;0.099329
2351;44;0.146362
4951;26;0.202466
2351;42;0.207302
4101;36;0.167791
4551;30;0.163158
2301;46;0.091870
2351;40;0.101163
2401;44;0.162774
2401;42;0.198388
3701;38;0.164099
4551;34;0.189067
2351;46;0.104259
2401;40;0.106444
2451;44;0.156563
2451;42;0.198994
4951;28;0.182631
4601;32;0.171416
4151;36;0.171477
5001;24;0.179571
5001;26;0.204806
2401;46;0.094027
2451;40;0.099001
2501;44;0.161998
2501;42;0.193914
4601;30;0.168204
3751;38;0.152599
2451;46;0.097543
2501;40;0.105949
2551;44;0.167225
2551;42;0.209509
4601;34;0.190842
4201;36;0.186183
4651;32;0.183863
5001;28;0.184066
2501;46;0.097061
3801;38;0.159126
2551;40;0.101386
2601;42;0.193269
2601;44;0.152375
4651;30;0.184294
4251;36;0.173837
2551;46;0.099252
2601;40;0.104852
2651;44;0.168295
2651;42;0.208155
4651;34;0.193333
3851;38;0.198812
4701;32;0.173174
2601;46;0.100335
2651;40;0.106153
2701;44;0.164579
2701;42;0.181121
4301;36;0.177512
4701;30;0.188363
2651;46;0.103850
2701;40;0.107751
2751;44;0.164380
2751;42;0.186065
3901;38;0.187248
4701;34;0.203979
2701;46;0.116238
4751;32;0.173535
2751;40;0.112437
2801;44;0.165102
2801;42;0.211260
4351;36;0.187986
3951;38;0.162871
4751;30;0.174024
2751;46;0.105988
2851;44;0.178521
2801;40;0.112087
2851;42;0.204577
4751;34;0.198925
2801;46;0.114459
2901;44;0.179590
2851;40;0.114287
4801;32;0.177000
2901;42;0.202781
4001;38;0.200855
4401;36;0.182286
4801;30;0.177255
2851;46;0.111321
2951;44;0.181669
2951;42;0.208107
2901;40;0.120116
4051;38;0.162385
4801;34;0.202647
2901;46;0.115911
3001;44;0.182695
4451;36;0.185771
4851;32;0.183182
2951;40;0.118088
3001;42;0.215625
4851;30;0.178965
1301;48;0.065023
1301;50;0.089263
1301;52;0.064405
2951;46;0.114533
3051;44;0.181268
4101;38;0.191716
1351;48;0.066169
1351;52;0.066838
1351;50;0.092462
3051;42;0.246085
3001;40;0.125979
4501;36;0.190404
1401;48;0.066582
1401;50;0.097532
1401;52;0.066777
3001;46;0.116063
3101;44;0.204875
4851;34;0.204414
4901;32;0.194227
1451;48;0.067308
1451;50;0.093638
1451;52;0.068409
3101;42;0.232072
3051;40;0.129633
4151;38;0.199303
4901;30;0.182436
3051;46;0.118155
1501;48;0.069137
3151;44;0.178894
1501;50;0.090882
1501;52;0.068624
3151;42;0.227187
4551;36;0.208232
1551;48;0.069565
3101;40;0.125557
1551;50;0.084172
1551;52;0.071484
3101;46;0.122209
4901;34;0.210119
3201;44;0.199608
1601;48;0.073935
4201;38;0.195729
1601;50;0.098917
1601;52;0.071302
4951;32;0.182124
3201;42;0.336596
3151;40;0.134596
4951;30;0.187109
1651;48;0.071012
1651;50;0.096685
1651;52;0.074480
3151;46;0.140777
3251;44;0.192873
4251;38;0.197851
4601;36;0.192493
1701;48;0.075678
3251;42;0.230382
1701;50;0.096102
1701;52;0.072999
3201;40;0.143664
1751;48;0.073492
4951;34;0.230648
3201;46;0.127320
1751;50;0.099388
3301;44;0.195498
1751;52;0.076624
5001;32;0.184556
3301;42;0.239749
5001;30;0.191883
1801;48;0.077633
4301;38;0.191445
3251;40;0.131867
1801;50;0.097522
1801;52;0.075141
4651;36;0.196048
3251;46;0.138282
3351;44;0.187049
1851;48;0.076098
3351;42;0.236972
1851;50;0.100725
1851;52;0.079846
3301;40;0.135769
1901;48;0.079455
5001;34;0.210523
1901;50;0.102983
3301;46;0.128894
1901;52;0.077469
4351;38;0.178879
3401;44;0.201971
3401;42;0.263423
1951;48;0.078416
1951;50;0.106318
4701;36;0.210825
3351;40;0.135000
1951;52;0.083019
2001;48;0.080692
3351;46;0.138277
3451;44;0.215034
3451;42;0.243629
2001;50;0.099902
2001;52;0.079895
4401;38;0.195487
2051;48;0.081225
3401;40;0.139491
2051;50;0.108356
2051;52;0.085744
3401;46;0.133198
2101;48;0.083588
4751;36;0.202742
3501;42;0.237234
3501;44;0.193097
2101;50;0.111405
3451;40;0.144094
2101;52;0.082725
2151;48;0.084315
4451;38;0.214086
2151;50;0.112082
3451;46;0.139769
3551;42;0.235762
2151;52;0.090163
2201;48;0.085330
3551;44;0.215376
1301;54;0.188033
3501;40;0.142340
4801;36;0.202875
1301;58;0.037839
1301;56;0.038612
2201;50;0.107344
1351;54;0.204707
2201;52;0.091015
2251;48;0.086796
1351;58;0.039817
3501;46;0.136408
1351;56;0.063827
3601;42;0.253837
4501;38;0.181609
1401;54;0.200688
2251;50;0.112524
3601;44;0.189368
1451;54;0.208612
2301;48;0.088422
2251;52;0.092638
1401;58;0.066426
3551;40;0.151810
1401;56;0.066133
1501;54;0.211044
2301;50;0.089503
3651;42;0.260524
1451;58;0.066471
3551;46;0.139755
1451;56;0.068218
1551;54;0.202370
2351;48;0.099019
4851;36;0.210336
2301;52;0.088549
3651;44;0.205411
4551;38;0.188291
1601;54;0.213842
2351;50;0.112456
3601;40;0.157395
1501;58;0.069079
1501;56;0.067569
2401;48;0.091684
2351;52;0.098641
1651;54;0.203765
3701;42;0.271274
3601;46;0.161335
1551;58;0.068233
1551;56;0.071367
2401;50;0.118644
3701;44;0.234467
1701;54;0.207530
2451;48;0.101524
2401;52;0.091620
3651;40;0.150988
1601;58;0.073113
1601;56;0.069918
4901;36;0.231040
1751;54;0.210984
4601;38;0.197271
2451;50;0.127752
3751;42;0.253420
3651;46;0.142285
2501;48;0.094735
1651;58;0.070539
2451;52;0.102744
1651;56;0.075381
1801;54;0.211814
3751;44;0.201409
2501;50;0.126337
3701;40;0.148623
1851;54;0.214612
1701;58;0.070695
1701;56;0.071805
2551;48;0.102882
2501;52;0.094332
3801;42;0.271936
1901;54;0.207312
3701;46;0.157182
2551;50;0.132747
1751;58;0.072560
4651;38;0.212146
1751;56;0.072293
4951;36;0.212861
3801;44;0.232633
1951;54;0.223215
2601;48;0.098000
3751;40;0.163033
2551;52;0.107365
1801;58;0.072589
1801;56;0.074226
2601;50;0.103803
3851;42;0.262754
2001;54;0.216133
3751;46;0.147644
2651;48;0.104616
2601;52;0.098545
1851;58;0.075995
1851;56;0.074683
2051;54;0.209532
3851;44;0.219443
3801;40;0.156023
2651;50;0.138750
4701;38;0.222678
5001;36;0.215446
2701;48;0.102133
2101;54;0.249474
1901;58;0.075646
1901;56;0.077452
3901;42;0.241286
2651;52;0.100468
3801;46;0.153817
2701;50;0.123545
2151;54;0.219984
1951;58;0.080510
1951;56;0.077447
3901;44;0.222101
2751;48;0.106641
3851;40;0.156697
2701;52;0.102153
3951;42;0.249750
2001;58;0.078021
4751;38;0.227524
2001;56;0.081678
2201;54;0.215461
3851;46;0.152775
2751;50;0.136012
2751;52;0.102916
2801;48;0.105158
3951;44;0.212764
2251;54;0.223239
3901;40;0.179004
2051;58;0.078949
2051;56;0.079910
2801;50;0.130754
4001;42;0.253174
2851;48;0.108524
2801;52;0.104999
3901;46;0.158203
2301;54;0.231374
4801;38;0.196506
1301;60;0.038400
2101;58;0.080483
2101;56;0.086092
2851;50;0.134834
3951;40;0.159140
4001;44;0.222964
2851;52;0.106624
1351;60;0.039031
2901;48;0.109095
2351;54;0.227865
4051;42;0.251305
3951;46;0.157162
2151;56;0.082153
2151;58;0.081019
2901;50;0.135775
1401;60;0.065537
2401;54;0.232605
2901;52;0.108741
2951;48;0.111586
4001;40;0.164990
2201;56;0.092316
2201;58;0.084373
4851;38;0.230210
1451;60;0.068633
4051;44;0.225738
2451;54;0.243887
4101;42;0.274685
2951;50;0.143819
4001;46;0.159093
2951;52;0.110742
1501;60;0.075862
2251;56;0.085589
3001;48;0.112304
2251;58;0.084560
2501;54;0.241371
4051;40;0.166905
3001;50;0.139302
1551;60;0.072045
4101;44;0.227844
2301;56;0.086633
2301;58;0.089442
2551;54;0.253321
4151;42;0.273375
3001;52;0.112421
3051;48;0.114124
4901;38;0.236930
4051;46;0.180448
1601;60;0.070103
2601;54;0.245482
3051;50;0.146221
2351;56;0.089288
2351;58;0.086895
3051;52;0.114296
1651;60;0.071951
4101;40;0.171792
3101;48;0.116171
4151;44;0.241101
4201;42;0.267001
2651;54;0.256353
2401;56;0.089848
2401;58;0.095994
4101;46;0.163458
3101;50;0.143803
1701;60;0.072529
4951;38;0.231926
3101;52;0.116786
3151;48;0.119249
2701;54;0.236006
4251;42;0.266240
2451;56;0.093280
2451;58;0.090900
1751;60;0.073447
4151;40;0.173491
4201;44;0.257053
3151;50;0.151542
2751;54;0.248228
4151;46;0.190463
3151;52;0.118559
3201;48;0.134627
1801;60;0.076413
2501;56;0.092723
2501;58;0.091132
4251;44;0.240096
2801;54;0.243408
4301;42;0.278318
3201;50;0.149892
1851;60;0.076050
5001;38;0.209672
4201;40;0.174583
2551;56;0.098746
2551;58;0.093550
3201;52;0.121348
3251;48;0.122945
2851;54;0.248537
4201;46;0.167565
1901;60;0.081726
3251;50;0.157472
4251;40;0.176595
2601;56;0.095804
2601;58;0.094860
4351;42;0.295800
3251;52;0.122210
4301;44;0.266751
3301;48;0.135979
2901;54;0.243097
4251;46;0.174969
1951;60;0.078025
3301;50;0.150880
2651;58;0.100315
2651;56;0.108674
3301;52;0.125795
3351;48;0.127182
2951;54;0.252355
4301;40;0.190799
2001;60;0.079965
4351;44;0.251794
4401;42;0.270869
4301;46;0.173615
2701;58;0.097683
2701;56;0.099409
3351;50;0.162496
3001;54;0.261236
1301;62;0.038414
2051;60;0.081297
3351;52;0.126768
3401;48;0.136933
2751;58;0.110527
2751;56;0.115941
4351;40;0.178720
1351;62;0.039417
4451;42;0.284706
3051;54;0.260377
4401;44;0.258521
2101;60;0.083666
3401;50;0.157799
4351;46;0.178808
1401;62;0.043811
3451;48;0.133563
3401;52;0.131397
2801;56;0.106258
1451;62;0.066400
3101;54;0.278483
2801;58;4.348157
4401;40;0.182674
3451;50;0.165174
4501;42;0.268217
2851;56;0.104777
3501;48;0.142248
3451;52;0.131587
1501;62;0.068772
4451;44;0.265681
4401;46;0.201900
3151;54;0.264395
2151;60;0.087554
1551;62;0.068489
3501;50;0.165154
2901;56;0.109077
2851;58;0.118724
4451;40;0.200814
3501;52;0.136434
3551;48;0.136537
3201;54;0.276318
2201;60;0.087049
1601;62;0.072798
4551;42;0.291985
4501;44;0.258886
4451;46;0.204615
2951;56;0.109409
3551;50;0.169971
1651;62;0.070706
3251;54;0.292939
2901;58;0.107329
2251;60;0.095177
3551;52;0.135799
3601;48;0.145003
1701;62;0.071688
4501;40;0.185271
3001;56;0.114999
2301;60;0.088491
4601;42;0.321159
3301;54;0.263864
2951;58;0.108004
4551;44;0.239229
3601;50;0.164770
4501;46;0.204839
1751;62;0.072744
3601;52;0.141499
3651;48;0.144495
2351;60;0.090695
3051;56;0.114377
3351;54;0.280288
3001;58;0.113016
1801;62;0.073765
4551;40;0.189870
3651;50;0.175934
4651;42;0.285508
2401;60;0.093528
3651;52;0.145735
3701;48;0.147520
4601;44;0.255154
3101;56;0.127808
1851;62;0.078797
4551;46;0.186359
3401;54;0.286595
3051;58;0.114270
2451;60;0.102393
1901;62;0.076830
3701;50;0.177988
3451;54;0.272090
3151;56;0.122376
3701;52;0.154541
4601;40;0.193390
3751;48;0.150039
3101;58;0.126169
4701;42;0.298115
4651;44;0.283384
2501;60;0.106580
4601;46;0.200834
1951;62;0.077098
3501;54;0.322458
3751;50;0.185929
3151;58;0.122150
3201;56;0.137131
2551;60;0.102242
3801;48;0.154709
3751;52;0.152325
2001;62;0.104680
4651;40;0.194498
4751;42;0.302642
4651;46;0.188133
3551;54;0.274057
4701;44;0.248926
2601;60;0.114018
3801;50;0.181661
3201;58;0.138456
2051;62;0.083559
3251;56;0.128068
3801;52;0.159747
3851;48;0.156359
2651;60;0.107089
2101;62;0.084640
4701;40;0.202203
3601;54;0.302131
3251;58;0.126224
3301;56;0.148647
3851;50;0.187675
4801;42;0.314277
4701;46;0.197211
3851;52;0.182184
2151;62;0.083225
3901;48;0.156992
4751;44;0.274116
2701;60;0.107806
3651;54;0.284048
3301;58;0.128231
3351;56;0.133072
2201;62;0.091960
3901;50;0.187727
2751;60;0.112560
4751;40;0.200503
3901;52;0.165297
3951;48;0.182605
4851;42;0.297244
4751;46;0.193360
3701;54;0.280104
2251;62;0.085120
4801;44;0.296341
3351;58;0.130635
3401;56;0.125809
2801;60;0.105236
3951;50;0.189443
2301;62;0.086003
3951;52;0.158244
4001;48;0.156630
3751;54;0.302344
4801;40;0.199938
3401;58;0.124256
3451;56;0.129914
2851;60;0.114115
4901;42;0.306302
4801;46;0.195414
2351;62;0.090545
4851;44;0.269184
4001;50;0.182036
3801;54;0.284473
4001;52;0.163350
3451;58;0.132688
2901;60;0.109303
4051;48;0.170368
3501;56;0.129856
2401;62;0.088780
4851;40;0.212056
4951;42;0.318742
3851;54;0.311481
2451;62;0.098518
2951;60;0.127314
4051;50;0.186655
4851;46;0.195836
3501;58;0.128106
4901;44;0.278143
3551;56;0.138420
4051;52;0.157389
4101;48;0.159553
2501;62;0.091917
3001;60;0.113605
3901;54;0.309065
3551;58;0.141528
4901;40;0.206657
4101;50;0.167715
3601;56;0.136381
5001;42;0.309817
4101;52;0.168442
4901;46;0.199910
4151;48;0.172709
4951;44;0.263371
2551;62;0.092694
3051;60;0.114672
3951;54;0.313731
3601;58;0.132339
3651;56;0.147886
4151;50;0.193630
2601;62;0.096602
4151;52;0.161756
4201;48;0.164564
4951;40;0.208931
3101;60;0.119918
4951;46;0.230066
4001;54;0.301180
5001;44;0.311476
2651;62;0.096690
3651;58;0.160004
3701;56;0.140105
4251;48;0.176000
4201;50;0.169977
3151;60;0.119147
4201;52;0.176196
2701;62;0.105318
4051;54;0.318402
5001;40;0.223681
3701;58;0.136982
4251;50;0.194576
5001;46;0.203368
3751;56;0.159636
4251;52;0.164667
4301;48;0.167429
3201;60;0.132919
2751;62;0.100636
4101;54;0.307377
3751;58;0.139273
3801;56;0.144788
3251;60;0.122652
2801;62;0.102358
4301;50;0.196579
4301;52;0.183002
4351;48;0.175300
4151;54;0.316825
3801;58;0.144791
2851;62;0.104856
3301;60;0.125152
3851;56;0.171351
4351;50;0.198240
4201;54;0.319503
4351;52;0.171419
4401;48;0.172876
2901;62;0.104955
3851;58;0.144216
3351;60;0.127340
3901;56;0.148515
4251;54;0.326834
2951;62;0.114826
4401;50;0.202132
3401;60;0.128801
4401;52;0.188322
4451;48;0.176761
3901;58;0.157250
3951;56;0.152217
4301;54;0.324596
3001;62;0.108919
3451;60;0.138217
4451;50;0.201669
3951;58;0.147840
4451;52;0.174388
4501;48;0.178063
3051;62;0.126040
4001;56;0.155652
4351;54;0.328451
3501;60;0.133905
4501;50;0.204518
3101;62;0.113144
4001;58;0.168937
4501;52;0.194241
4551;48;0.178016
4051;56;0.155233
4401;54;0.316390
1301;64;0.265982
3551;60;0.150522
1351;64;0.268275
3151;62;0.114285
4551;50;0.209173
4051;58;0.152613
1401;64;0.262250
4551;52;0.182267
4101;56;0.162048
4451;54;0.328169
3601;60;0.137948
1451;64;0.301582
4601;48;0.181747
3201;62;0.123463
1501;64;0.278727
1551;64;0.272579
4101;58;0.155361
4601;50;0.210745
3651;60;0.140072
4151;56;0.160227
4501;54;0.374610
1601;64;0.303796
4601;52;0.203239
3251;62;0.118406
4651;48;0.184910
1651;64;0.311865
1701;64;0.327855
4151;58;0.159461
3701;60;0.145314
3301;62;0.137664
4201;56;0.172497
4651;50;0.216216
1751;64;0.283305
4551;54;0.335678
4651;52;0.186068
4701;48;0.215242
1801;64;0.314518
3751;60;0.145181
3351;62;0.121988
4251;56;0.162350
4201;58;0.158357
1851;64;0.290290
4701;50;0.215480
1901;64;0.300066
4601;54;0.333567
4701;52;0.204280
4251;58;0.168716
3401;62;0.123517
4751;48;0.191134
3801;60;0.157918
1951;64;0.289075
4301;56;0.185230
2001;64;0.318170
3451;62;0.131524
4751;50;0.218323
4651;54;0.353754
2051;64;0.296132
4751;52;0.190897
3851;60;0.149924
4301;58;0.165840
4801;48;0.208271
4351;56;0.170234
2101;64;0.301263
3501;62;0.128640
2151;64;0.324112
4701;54;0.346956
4801;50;0.224099
3901;60;0.177921
2201;64;0.323560
4351;58;0.184077
4801;52;0.212432
4401;56;0.204830
4851;48;0.194705
3551;62;0.144464
2251;64;0.290808
2301;64;0.326236
4751;54;0.340154
3951;60;0.155389
4401;58;0.169352
4851;50;0.225419
3601;62;0.132379
2351;64;0.320017
4851;52;0.191315
4451;56;0.173893
4901;48;0.212026
2401;64;0.307716
4001;60;0.156270
4801;54;0.350817
3651;62;0.134853
2451;64;0.306165
4451;58;0.201930
4901;50;0.254369
4501;56;0.178334
4901;52;0.225496
2501;64;0.390986
4951;48;0.198405
4051;60;0.164717
3701;62;0.140244
2551;64;0.319438
4851;54;0.347791
4501;58;0.176405
4951;50;0.230947
2601;64;0.344588
4551;56;0.180253
4101;60;0.161140
4951;52;0.199882
3751;62;0.138924
5001;48;0.210414
2651;64;0.338606
4901;54;0.360379
4551;58;0.176559
2701;64;0.334369
4601;56;0.181461
4151;60;0.180634
5001;50;0.252968
3801;62;0.156169
5001;52;0.228739
2751;64;0.397738
4951;54;0.357208
4601;58;0.185446
2801;64;0.346727
3851;62;0.144023
4201;60;0.168944
4651;56;0.187516
2851;64;0.315194
5001;54;0.371626
4251;60;0.207114
4651;58;0.184235
3901;62;0.145097
2901;64;0.341205
4701;56;0.185240
2951;64;0.360217
4301;60;0.175538
3951;62;0.149875
4701;58;0.196931
3001;64;0.328393
4751;56;0.206132
3051;64;0.332232
4351;60;0.179640
4001;62;0.150866
4751;58;0.190692
3101;64;0.330392
4801;56;0.191433
3151;64;0.387286
4051;62;0.164031
4401;60;0.186912
4801;58;0.216147
3201;64;0.353929
4851;56;0.220225
4101;62;0.155884
4451;60;0.182175
3251;64;0.357367
4851;58;0.193750
3301;64;0.354880
4151;62;0.188715
4901;56;0.196306
4501;60;0.207831
3351;64;0.341820
4901;58;0.199573
3401;64;0.344063
4201;62;0.160978
4951;56;0.237999
4551;60;0.187909
3451;64;0.357745
4251;62;0.160758
4951;58;0.197913
5001;56;0.203956
3501;64;0.341684
4601;60;0.192263
4301;62;0.176194
3551;64;0.357877
5001;58;0.204038
4651;60;0.195830
3601;64;0.390317
4351;62;0.168965
3651;64;0.406495
4701;60;0.194110
4401;62;0.202020
3701;64;0.448768
4751;60;0.210728
3751;64;0.416687
4451;62;0.177526
3801;64;0.480654
4801;60;0.201999
4501;62;0.178237
3851;64;0.511605
4551;62;0.186097
4851;60;0.230589
3901;64;0.481616
3951;64;0.525626
4601;62;0.181724
4901;60;0.209303
4001;64;0.459133
4651;62;0.208281
4051;64;0.558169
4951;60;0.205281
4101;64;0.403434
4701;62;0.186914
5001;60;0.214716
4151;64;0.386910
4751;62;0.191470
4201;64;0.541723
4251;64;0.442368
4801;62;0.199999
4301;64;0.488759
4851;62;0.197228
4351;64;0.508379
4401;64;0.459442
4901;62;0.220768
4451;64;0.560418
4951;62;0.203470
4501;64;0.555937
5001;62;0.205957
4551;64;0.580248
4601;64;0.529604
4651;64;0.476471
4701;64;0.545659
4751;64;0.447279
4801;64;0.611809
4851;64;0.539136
4901;64;0.565446
4951;64;0.585018
5001;64;0.421769
5051;2;0.295089
5101;2;0.296608
5151;2;0.314291
5201;2;0.299373
5251;2;0.324482
5301;2;0.324179
5351;2;0.344129
5401;2;0.355516
5451;2;0.338359
5501;2;0.363722
5551;2;0.373233
5601;2;0.378584
5651;2;0.377998
5701;2;0.397841
5751;2;6.547763
5801;2;0.666924
5851;2;0.744863
5901;2;0.819738
5951;2;0.894445
6001;2;0.837779
6051;2;0.778659
6101;2;1.398459
6151;2;1.510979
6201;2;0.868287
6251;2;0.843573
6301;2;0.517087
6351;2;0.537294
6401;2;0.533614
6451;2;0.530968
6501;2;0.477943
6551;2;3.903344
5051;4;0.247643
5051;6;0.237267
5101;6;0.241031
5101;4;0.246397
5151;6;0.238854
5151;4;0.249012
5201;6;0.242747
5201;4;0.250690
5251;6;0.245523
5251;4;0.257109
5301;6;0.257482
5301;4;0.265998
5351;6;0.255730
5351;4;0.264711
5401;6;0.261369
5401;4;0.272662
5451;4;0.278246
5451;6;0.267486
5501;6;0.269387
5501;4;0.279639
5551;4;0.280875
5551;6;0.269878
5601;6;0.275153
5601;4;0.283487
5651;4;0.296169
5651;6;0.285452
5701;6;0.286231
5701;4;0.293599
5751;4;0.301436
5751;6;0.290841
5801;6;0.295844
5801;4;0.306143
5851;6;0.301346
5851;4;0.313872
5901;6;0.305540
5901;4;0.317625
5951;4;0.321336
5951;6;0.308674
6001;4;0.323936
6001;6;0.310459
6051;4;0.329814
6051;6;0.317247
6101;6;0.323021
6101;4;0.334924
6151;6;0.330101
6151;4;0.345442
6201;4;0.345547
6201;6;0.335030
6251;4;0.340234
6251;6;0.329498
6301;4;0.355263
6301;6;0.340524
6351;4;0.361247
6351;6;0.345709
6401;6;0.349258
6401;4;0.365610
6451;6;0.352713
6451;4;0.366572
6501;4;0.367384
6501;6;0.354137
6551;6;0.363511
6551;4;0.378609
5051;8;0.210797
5101;8;0.209369
5151;8;0.212578
5201;8;0.215806
5251;8;0.219754
5301;8;0.222178
5351;8;0.226932
5401;8;0.228565
5451;8;0.231502
5501;8;0.235113
5551;8;0.239335
5601;8;0.242937
5651;8;0.245463
5701;8;0.248142
5751;8;0.252036
5801;8;0.255012
5851;8;0.260498
5901;8;0.263130
5951;8;0.269020
6001;8;0.272354
6051;8;0.321995
6101;8;0.279674
6151;8;0.282422
6201;8;0.284276
6251;8;0.290228
5051;10;0.194991
6301;8;0.298896
5101;10;0.195546
6351;8;0.299565
5151;10;0.202105
5201;10;0.202152
6401;8;0.302958
5251;10;0.210832
6451;8;0.305786
5301;10;0.223064
5351;10;0.227726
6501;8;0.308277
5401;10;0.219000
6551;8;0.314029
5451;10;0.225232
5501;10;0.230208
5551;10;0.226074
5601;10;0.236904
5051;18;0.215117
5651;10;0.236813
5101;18;0.222695
5701;10;0.242102
5151;18;0.217653
5751;10;0.243343
5201;18;0.220346
5251;18;0.224316
5801;10;0.245369
5301;18;0.228630
5851;10;0.254340
5351;18;0.233664
5901;10;0.253846
5401;18;0.234988
5951;10;0.256054
5451;18;0.240767
6001;10;0.260550
5501;18;0.242496
5551;18;0.247119
6051;10;0.272343
5601;18;0.247748
6101;10;0.271312
5651;18;0.256782
6151;10;0.276729
5701;18;0.256867
6201;10;0.279223
5751;18;0.265967
6251;10;0.286119
5801;18;0.262865
6301;10;0.293181
5851;18;0.273894
6351;10;0.292990
5901;18;0.272339
5951;18;0.283383
6401;10;0.304315
6001;18;0.278314
6451;10;0.297678
6051;18;0.281804
6501;10;0.306175
6101;18;0.286960
6551;10;0.309891
6151;18;0.291247
6201;18;0.294675
6251;18;0.299803
5051;28;0.191577
6301;18;0.304294
5101;28;0.192334
5151;28;0.195426
6351;18;0.305237
5201;28;0.201849
6401;18;0.314537
5251;28;0.203753
5301;28;0.212662
6451;18;0.316038
5051;34;0.493675
5351;28;0.217806
6501;18;0.323466
5101;34;0.291117
5401;28;0.229677
5151;34;0.260568
6551;18;0.324146
5451;28;0.215307
5201;34;0.635244
5501;28;0.215474
5251;34;0.630258
5551;28;0.219504
5301;34;0.622809
5051;38;0.225142
5051;40;0.216225
5601;28;0.224891
5101;38;0.216879
5101;40;0.214830
5351;34;0.648596
5651;28;0.228962
5151;38;0.220642
5151;40;0.236667
5401;34;0.321584
5701;28;0.229173
5201;38;0.227020
5201;40;0.219056
5451;34;0.670966
5751;28;0.232289
5251;38;0.224789
5251;40;0.225744
5501;34;0.730004
5301;38;0.228748
5801;28;0.235676
5301;40;0.225324
5551;34;0.735580
5351;38;0.236655
5351;40;0.229240
5851;28;0.242384
5601;34;0.706543
5401;38;0.234052
5401;40;0.239645
5901;28;0.247415
5651;34;0.290413
5451;38;0.237404
5451;40;0.233699
5951;28;0.254002
5701;34;0.273218
5501;38;0.242585
5501;40;0.235631
6001;28;0.260898
5751;34;0.278160
5551;38;0.267334
5551;40;0.254627
6051;28;0.267786
5801;34;0.272556
5601;38;0.247378
5601;40;0.241577
6101;28;0.257958
5851;34;0.272278
5651;38;0.253369
5651;40;0.246723
6151;28;0.261363
5901;34;0.277156
5701;38;0.275593
5701;40;0.275076
5751;38;0.267199
6201;28;0.265681
5951;34;0.298577
5751;40;0.254320
5801;38;0.264083
6001;34;0.290875
6251;28;0.269425
5801;40;0.260185
5851;38;0.287296
6051;34;0.289180
6301;28;0.273826
5851;40;0.292107
5901;38;0.266364
6101;34;0.293363
6351;28;0.278530
5901;40;0.264033
5951;38;0.269669
5951;40;0.273590
6151;34;2.036371
6401;28;0.282822
6001;38;0.295456
6001;40;0.268815
6451;28;0.286479
6201;34;0.609094
6051;38;0.276725
6051;40;0.273819
6501;28;0.291025
6251;34;0.944705
6101;38;0.281716
6101;40;0.286319
6551;28;0.296348
6301;34;0.870626
6151;38;0.304590
6151;40;0.281043
6351;34;0.874427
6201;38;0.286128
6201;40;0.282900
6401;34;0.418393
6251;38;0.289915
6251;40;0.300913
6451;34;0.849534
6301;38;0.309133
6301;40;0.289687
6501;34;0.912913
6351;38;0.298261
6351;40;0.292665
5051;54;0.205010
5051;52;0.207426
6551;34;0.926405
6401;38;0.328334
6401;40;0.321862
5101;54;0.229103
5101;52;0.243378
6451;38;0.320197
5151;52;0.210653
5151;54;0.207777
6451;40;0.301092
5201;52;0.210851
5201;54;0.249495
6501;38;0.310942
6501;40;0.309226
5251;52;0.214101
5251;54;0.216346
6551;38;0.315018
5301;52;0.216913
6551;40;0.308867
5301;54;0.263772
5351;52;0.221555
5351;54;0.220645
5401;52;0.223775
5401;54;0.223350
5451;52;0.226672
5451;54;0.227230
5501;52;0.228684
5501;54;0.230065
5051;58;0.271599
5051;60;0.232078
5551;52;0.235959
5551;54;0.236223
5101;58;0.250063
5101;60;0.251438
5601;52;0.238378
5601;54;0.237963
5151;58;0.273957
5151;60;0.245427
5651;52;0.244581
5651;54;0.245926
5201;58;0.270229
5201;60;0.271287
5701;52;0.245488
5251;58;0.307151
5701;54;0.243561
5251;60;0.241433
5301;58;0.267817
5751;52;0.252200
5301;60;0.249618
5751;54;0.256107
5351;58;0.247794
5801;52;0.253284
5351;60;0.256496
5801;54;0.253199
5401;58;0.409721
5401;60;0.256699
5851;52;0.260636
5851;54;0.281282
5451;58;0.258922
5451;60;0.275278
5901;52;0.261553
5901;54;0.260159
5501;58;0.263514
5501;60;0.253968
5951;52;0.272709
5951;54;0.289998
5551;58;0.286027
5551;60;0.298499
6001;52;0.266778
6001;54;0.265752
5601;58;0.296910
5601;60;0.258636
6051;52;0.276269
5651;58;0.271605
6051;54;0.305225
5651;60;0.288564
6101;52;0.273557
5701;58;0.313007
6101;54;0.273454
5701;60;0.290372
5751;58;0.282847
6151;52;0.283159
6151;54;0.324735
5751;60;0.295613
5801;58;0.274157
6201;52;0.277213
6201;54;0.279662
5801;60;0.301392
5851;58;0.285616
6251;52;0.291102
5851;60;0.312523
6251;54;0.281384
5901;58;0.293306
6301;52;0.283832
5901;60;0.352656
6301;54;0.285937
5951;58;0.313340
6351;52;0.298391
5951;60;0.298278
6351;54;0.293121
6001;58;0.315810
6401;52;0.293288
6001;60;0.289504
6051;58;0.333405
6401;54;0.299412
6451;52;0.309216
6051;60;0.301283
6101;58;0.302825
6451;54;0.295011
6501;52;0.299390
6101;60;0.303929
6151;58;0.305479
6501;54;0.308507
6151;60;0.322211
6551;52;0.319937
6201;58;0.318276
6551;54;0.303746
6201;60;0.308703
6251;58;0.312294
6251;60;0.308050
6301;58;0.317012
6301;60;0.321566
6351;58;0.319189
6351;60;0.313131
6401;58;0.356683
6451;58;0.327337
6401;60;0.334227
6501;58;0.387526
6451;60;0.329811
6551;58;0.327371
6501;60;0.377366
6551;60;0.337039
